Row Labels,Average of Calories
0,71.80513919
1,70.16505895
2,69.18649518
3,67.5380493
4,68.26180258
5,81.70815451
6,86.99677766
7,94.47798067
8,103.3372718
9,106.1428571
10,110.4607104
11,109.806904
12,117.197397
13,115.3094463
14,115.732899
15,106.6371585
16,113.3274531
17,122.7527594
18,123.4922737
19,121.4845475
20,102.3576159
21,96.05635359
22,88.26548673
23,77.59357697
(blank),
Grand Total,97.38675958
